<?xml version="1.0" encoding="UTF-8"?>
<?xml-stylesheet type="text/xsl" href="weather-1.xsl"?>
<?xml-stylesheet type="text/xsl" href="weather-2.xsl"?>
<product version="1.7" xmlns:xsi="http://www.w3.org/2001/XMLSchema-instance" xsi:noNamespaceSchemaLocation="http://www.bom.gov.au/schema/v1.7/product.xsd">
    <amoc>
        <source>
            <sender>Australian Government Bureau of Meteorology</sender>
            <region>New South Wales</region>
            <office>NSWRO</office>
            <copyright>http://www.bom.gov.au/other/copyright.shtml</copyright>
            <disclaimer>http://www.bom.gov.au/other/disclaimer.shtml</disclaimer>
        </source>
        <identifier>IDN11050</identifier>
        <issue-time-utc>2018-04-25T23:50:53Z</issue-time-utc>
        <issue-time-local tz="EST">2018-04-26T09:50:53+10:00</issue-time-local>
        <sent-time>2018-04-25T23:50:53Z</sent-time>
        <expiry-time>2018-04-26T23:50:53Z</expiry-time>
        <validity-bgn-time-local tz="EST">2018-04-26T00:00:00+10:00</validity-bgn-time-local>
        <validity-end-time-local tz="EST">2018-05-02T23:59:59+10:00</validity-end-time-local>
        <next-routine-issue-time-utc>2018-04-26T06:25:00Z</next-routine-issue-time-utc>
        <next-routine-issue-time-local tz="EST">2018-04-26T16:25:00+10:00</next-routine-issue-time-local>
        <status>O</status>
        <service>WSP</service>
        <product-type>F</product-type>
        <phase>UPD</phase>
    </amoc>
    <forecast>
        <area aac="NSW_FA001" description="New South Wales" type="region"/>
        <area aac="NSW_ME003" description="Wollongong" type="metropolitan" parent-aac="NSW_FA001">
            <forecast-period index="0" start-time-local="2018-04-26T00:00:00+10:00" end-time-local="2018-04-27T00:00:00+10:00" start-time-utc="2018-04-25T14:00:00Z" end-time-utc="2018-04-26T14:00:00Z">
                <text type="forecast">Partly cloudy. Slight (30%) chance of a shower in the late morning or early afternoon. Winds southwesterly 15 to 25 km/h tending south to southwesterly 25 to 40 km/h in the middle of the day.</text>
                <text type="fire_danger">High</text>
                <text type="uv_alert">Sun protection 10:00am to 1:40pm, UV Index predicted to reach 4 [Moderate]</text>
            </forecast-period>
            <forecast-period index="1" start-time-local="2018-04-27T00:00:00+10:00" end-time-local="2018-04-28T00:00:00+10:00" start-time-utc="2018-04-26T14:00:00Z" end-time-utc="2018-04-27T14:00:00Z">
                <text type="forecast">Cloudy. Medium (40%) chance of showers, most likely in the late afternoon and evening. Winds southerly 25 to 35 km/h.</text>
            </forecast-period>
            <forecast-period index="2" start-time-local="2018-04-28T00:00:00+10:00" end-time-local="2018-04-29T00:00:00+10:00" start-time-utc="2018-04-27T14:00:00Z" end-time-utc="2018-04-28T14:00:00Z">
                <text type="forecast">Cloudy. High (80%) chance of showers. Winds south to southwesterly 20 to 30 km/h becoming light during the evening.</text>
            </forecast-period>
            <forecast-period index="3" start-time-local="2018-04-29T00:00:00+10:00" end-time-local="2018-04-30T00:00:00+10:00" start-time-utc="2018-04-28T14:00:00Z" end-time-utc="2018-04-29T14:00:00Z">
                <text type="forecast">Cloudy. Medium (40%) chance of showers, most likely in the morning and afternoon. Light winds becoming southerly 15 to 20 km/h during the day then becoming light during the evening.</text>
            </forecast-period>
            <forecast-period index="4" start-time-local="2018-04-30T00:00:00+10:00" end-time-local="2018-05-01T00:00:00+10:00" start-time-utc="2018-04-29T14:00:00Z" end-time-utc="2018-04-30T14:00:00Z">
                <text type="forecast">Partly cloudy. Medium (50%) chance of showers. Light winds becoming southeasterly 15 to 20 km/h during the day.</text>
            </forecast-period>
            <forecast-period index="5" start-time-local="2018-05-01T00:00:00+10:00" end-time-local="2018-05-02T00:00:00+10:00" start-time-utc="2018-04-30T14:00:00Z" end-time-utc="2018-05-01T14:00:00Z">
                <text type="forecast">Mostly sunny. Light winds.</text>
            </forecast-period>
            <forecast-period index="6" start-time-local="2018-05-02T00:00:00+10:00" end-time-local="2018-05-03T00:00:00+10:00" start-time-utc="2018-05-01T14:00:00Z" end-time-utc="2018-05-02T14:00:00Z">
                <text type="forecast">Cloudy. Slight (30%) chance of a shower. Light winds becoming north to northeasterly 15 to 25 km/h during the day.</text>
            </forecast-period>
        </area>
        <area aac="NSW_ME001" description="Sydney" type="metropolitan" parent-aac="NSW_FA001">
            <forecast-period index="0" start-time-local="2018-04-26T00:00:00+10:00" end-time-local="2018-04-27T00:00:00+10:00" start-time-utc="2018-04-25T14:00:00Z" end-time-utc="2018-04-26T14:00:00Z">
                <text type="forecast">Morning haze. Partly cloudy day. Medium (40%) chance of an afternoon shower along the coastal fringe, slight (20%) chance elsewhere. Winds southwesterly 15 to 20 km/h turning southerly 25 to 40 km/h in the early afternoon.</text>
                <text type="fire_danger">High</text>
                <text type="uv_alert">Sun protection 9:50am to 1:40pm, UV Index predicted to reach 4 [Moderate]</text>
            </forecast-period>
            <forecast-period index="1" start-time-local="2018-04-27T00:00:00+10:00" end-time-local="2018-04-28T00:00:00+10:00" start-time-utc="2018-04-26T14:00:00Z" end-time-utc="2018-04-27T14:00:00Z">
                <text type="forecast">Cloudy. Slight (30%) chance of a shower. Winds southerly 25 to 35 km/h.</text>
            </forecast-period>
            <forecast-period index="2" start-time-local="2018-04-28T00:00:00+10:00" end-time-local="2018-04-29T00:00:00+10:00" start-time-utc="2018-04-27T14:00:00Z" end-time-utc="2018-04-28T14:00:00Z">
                <text type="forecast">Cloudy. High (70%) chance of showers. Winds southerly 20 to 30 km/h becoming light during the evening.</text>
            </forecast-period>
            <forecast-period index="3" start-time-local="2018-04-29T00:00:00+10:00" end-time-local="2018-04-30T00:00:00+10:00" start-time-utc="2018-04-28T14:00:00Z" end-time-utc="2018-04-29T14:00:00Z">
                <text type="forecast">Cloudy. Medium (50%) chance of showers. Light winds becoming south to southeasterly 15 to 25 km/h during the morning then becoming light during the evening.</text>
            </forecast-period>
            <forecast-period index="4" start-time-local="2018-04-30T00:00:00+10:00" end-time-local="2018-05-01T00:00:00+10:00" start-time-utc="2018-04-29T14:00:00Z" end-time-utc="2018-04-30T14:00:00Z">
                <text type="forecast">Partly cloudy. Medium (40%) chance of showers during the morning. Light winds becoming south to southeasterly 15 to 20 km/h during the morning.</text>
            </forecast-period>
            <forecast-period index="5" start-time-local="2018-05-01T00:00:00+10:00" end-time-local="2018-05-02T00:00:00+10:00" start-time-utc="2018-04-30T14:00:00Z" end-time-utc="2018-05-01T14:00:00Z">
                <text type="forecast">Mostly sunny. Light winds.</text>
            </forecast-period>
            <forecast-period index="6" start-time-local="2018-05-02T00:00:00+10:00" end-time-local="2018-05-03T00:00:00+10:00" start-time-utc="2018-05-01T14:00:00Z" end-time-utc="2018-05-02T14:00:00Z">
                <text type="forecast">Cloudy. Slight (30%) chance of a shower. Light winds.</text>
            </forecast-period>
        </area>
        <area aac="NSW_ME004" description="Central Coast" type="metropolitan" parent-aac="NSW_FA001">
            <forecast-period index="0" start-time-local="2018-04-26T00:00:00+10:00" end-time-local="2018-04-27T00:00:00+10:00" start-time-utc="2018-04-25T14:00:00Z" end-time-utc="2018-04-26T14:00:00Z">
                <text type="forecast">Partly cloudy. Medium (40%) chance of showers in the afternoon and evening. Winds southwesterly 25 to 35 km/h tending southerly 35 to 50 km/h in the middle of the day.</text>
                <text type="fire_danger">High</text>
                <text type="uv_alert">Sun protection 9:40am to 1:40pm, UV Index predicted to reach 5 [Moderate]</text>
            </forecast-period>
            <forecast-period index="1" start-time-local="2018-04-27T00:00:00+10:00" end-time-local="2018-04-28T00:00:00+10:00" start-time-utc="2018-04-26T14:00:00Z" end-time-utc="2018-04-27T14:00:00Z">
                <text type="forecast">Cloudy. Medium (60%) chance of showers, most likely in the evening. Winds southerly 30 to 45 km/h.</text>
            </forecast-period>
            <forecast-period index="2" start-time-local="2018-04-28T00:00:00+10:00" end-time-local="2018-04-29T00:00:00+10:00" start-time-utc="2018-04-27T14:00:00Z" end-time-utc="2018-04-28T14:00:00Z">
                <text type="forecast">Cloudy. Very high (90%) chance of showers. Winds southerly 20 to 30 km/h.</text>
            </forecast-period>
            <forecast-period index="3" start-time-local="2018-04-29T00:00:00+10:00" end-time-local="2018-04-30T00:00:00+10:00" start-time-utc="2018-04-28T14:00:00Z" end-time-utc="2018-04-29T14:00:00Z">
                <text type="forecast">Cloudy. High (70%) chance of showers, most likely in the morning. Winds southerly 15 to 25 km/h becoming light during the evening.</text>
            </forecast-period>
            <forecast-period index="4" start-time-local="2018-04-30T00:00:00+10:00" end-time-local="2018-05-01T00:00:00+10:00" start-time-utc="2018-04-29T14:00:00Z" end-time-utc="2018-04-30T14:00:00Z">
                <text type="forecast">Partly cloudy. Medium (60%) chance of showers, most likely during the morning. Light winds becoming southeasterly 15 to 20 km/h during the morning.</text>
            </forecast-period>
            <forecast-period index="5" start-time-local="2018-05-01T00:00:00+10:00" end-time-local="2018-05-02T00:00:00+10:00" start-time-utc="2018-04-30T14:00:00Z" end-time-utc="2018-05-01T14:00:00Z">
                <text type="forecast">Partly cloudy. Slight (20%) chance of a shower. Light winds.</text>
            </forecast-period>
            <forecast-period index="6" start-time-local="2018-05-02T00:00:00+10:00" end-time-local="2018-05-03T00:00:00+10:00" start-time-utc="2018-05-01T14:00:00Z" end-time-utc="2018-05-02T14:00:00Z">
                <text type="forecast">Cloudy. Medium (40%) chance of showers. Light winds.</text>
            </forecast-period>
        </area>
        <area aac="NSW_ME005" description="Newcastle" type="metropolitan" parent-aac="NSW_FA001">
            <forecast-period index="0" start-time-local="2018-04-26T00:00:00+10:00" end-time-local="2018-04-27T00:00:00+10:00" start-time-utc="2018-04-25T14:00:00Z" end-time-utc="2018-04-26T14:00:00Z">
                <text type="forecast">Partly cloudy. Patchy fog early this morning. Medium (50%) chance of showers, most likely late this afternoon and evening. The chance of a thunderstorm this afternoon. Winds west to northwesterly 15 to 20 km/h shifting southerly 25 to 40 km/h in the middle of the day.</text>
                <text type="fire_danger">High</text>
                <text type="uv_alert">Sun protection 9:40am to 1:50pm, UV Index predicted to reach 5 [Moderate]</text>
            </forecast-period>
            <forecast-period index="1" start-time-local="2018-04-27T00:00:00+10:00" end-time-local="2018-04-28T00:00:00+10:00" start-time-utc="2018-04-26T14:00:00Z" end-time-utc="2018-04-27T14:00:00Z">
                <text type="forecast">Cloudy. High (70%) chance of showers, most likely in the evening. Winds southerly 25 to 40 km/h.</text>
            </forecast-period>
            <forecast-period index="2" start-time-local="2018-04-28T00:00:00+10:00" end-time-local="2018-04-29T00:00:00+10:00" start-time-utc="2018-04-27T14:00:00Z" end-time-utc="2018-04-28T14:00:00Z">
                <text type="forecast">Cloudy. Very high (90%) chance of showers. Winds southerly 20 to 30 km/h becoming light during the evening.</text>
            </forecast-period>
            <forecast-period index="3" start-time-local="2018-04-29T00:00:00+10:00" end-time-local="2018-04-30T00:00:00+10:00" start-time-utc="2018-04-28T14:00:00Z" end-time-utc="2018-04-29T14:00:00Z">
                <text type="forecast">Cloudy. High (70%) chance of showers. Winds southerly 15 to 25 km/h becoming light during the evening.</text>
            </forecast-period>
            <forecast-period index="4" start-time-local="2018-04-30T00:00:00+10:00" end-time-local="2018-05-01T00:00:00+10:00" start-time-utc="2018-04-29T14:00:00Z" end-time-utc="2018-04-30T14:00:00Z">
                <text type="forecast">Partly cloudy. High (70%) chance of showers. Light winds.</text>
            </forecast-period>
            <forecast-period index="5" start-time-local="2018-05-01T00:00:00+10:00" end-time-local="2018-05-02T00:00:00+10:00" start-time-utc="2018-04-30T14:00:00Z" end-time-utc="2018-05-01T14:00:00Z">
                <text type="forecast">Partly cloudy. Slight (30%) chance of a shower. Light winds.</text>
            </forecast-period>
            <forecast-period index="6" start-time-local="2018-05-02T00:00:00+10:00" end-time-local="2018-05-03T00:00:00+10:00" start-time-utc="2018-05-01T14:00:00Z" end-time-utc="2018-05-02T14:00:00Z">
                <text type="forecast">Cloudy. Slight (30%) chance of a shower, most likely later in the day. Light winds.</text>
            </forecast-period>
        </area>
        <area aac="NSW_ME006" description="Canberra" type="metropolitan" parent-aac="NSW_FA001">
            <forecast-period index="0" start-time-local="2018-04-26T00:00:00+10:00" end-time-local="2018-04-27T00:00:00+10:00" start-time-utc="2018-04-25T14:00:00Z" end-time-utc="2018-04-26T14:00:00Z">
                <text type="forecast">Sunny day. Becoming cloudy tonight. Light winds becoming east to southeasterly 15 to 25 km/h in the late afternoon or early evening.</text>
                <text type="fire_danger">High</text>
                <text type="uv_alert">Sun protection 10:00am to 1:40pm, UV Index predicted to reach 4 [Moderate]</text>
            </forecast-period>
            <forecast-period index="1" start-time-local="2018-04-27T00:00:00+10:00" end-time-local="2018-04-28T00:00:00+10:00" start-time-utc="2018-04-26T14:00:00Z" end-time-utc="2018-04-27T14:00:00Z">
                <text type="forecast">Partly cloudy. Light winds becoming southerly 15 to 20 km/h in the morning then tending southeasterly in the middle of the day.</text>
            </forecast-period>
            <forecast-period index="2" start-time-local="2018-04-28T00:00:00+10:00" end-time-local="2018-04-29T00:00:00+10:00" start-time-utc="2018-04-27T14:00:00Z" end-time-utc="2018-04-28T14:00:00Z">
                <text type="forecast">Partly cloudy. Light winds.</text>
            </forecast-period>
            <forecast-period index="3" start-time-local="2018-04-29T00:00:00+10:00" end-time-local="2018-04-30T00:00:00+10:00" start-time-utc="2018-04-28T14:00:00Z" end-time-utc="2018-04-29T14:00:00Z">
                <text type="forecast">Cloudy. Slight (20%) chance of a shower. Light winds.</text>
            </forecast-period>
            <forecast-period index="4" start-time-local="2018-04-30T00:00:00+10:00" end-time-local="2018-05-01T00:00:00+10:00" start-time-utc="2018-04-29T14:00:00Z" end-time-utc="2018-04-30T14:00:00Z">
                <text type="forecast">Mostly sunny. Light winds.</text>
            </forecast-period>
            <forecast-period index="5" start-time-local="2018-05-01T00:00:00+10:00" end-time-local="2018-05-02T00:00:00+10:00" start-time-utc="2018-04-30T14:00:00Z" end-time-utc="2018-05-01T14:00:00Z">
                <text type="forecast">Sunny. Light winds.</text>
            </forecast-period>
            <forecast-period index="6" start-time-local="2018-05-02T00:00:00+10:00" end-time-local="2018-05-03T00:00:00+10:00" start-time-utc="2018-05-01T14:00:00Z" end-time-utc="2018-05-02T14:00:00Z">
                <text type="forecast">Partly cloudy. Slight (20%) chance of a shower. Light winds.</text>
            </forecast-period>
        </area>
        <area aac="NSW_ME007" description="Alpine" type="metropolitan" parent-aac="NSW_FA001">
            <forecast-period index="0" start-time-local="2018-04-26T00:00:00+10:00" end-time-local="2018-04-27T00:00:00+10:00" start-time-utc="2018-04-25T14:00:00Z" end-time-utc="2018-04-26T14:00:00Z">
                <text type="forecast">Mostly sunny. Patchy fog early this morning. Light winds becoming southwesterly 15 to 20 km/h in the middle of the day then becoming light in the late afternoon.</text>
                <text type="fire_danger">Low-Moderate</text>
                <text type="uv_alert">Sun protection 10:00am to 1:50pm, UV Index predicted to reach 4 [Moderate]</text>
            </forecast-period>
            <forecast-period index="1" start-time-local="2018-04-27T00:00:00+10:00" end-time-local="2018-04-28T00:00:00+10:00" start-time-utc="2018-04-26T14:00:00Z" end-time-utc="2018-04-27T14:00:00Z">
                <text type="forecast">Partly cloudy. Slight (20%) chance of a shower. Patchy fog in the early morning. Light winds becoming south to southeasterly 15 to 20 km/h in the middle of the day then becoming light in the early afternoon.</text>
            </forecast-period>
            <forecast-period index="2" start-time-local="2018-04-28T00:00:00+10:00" end-time-local="2018-04-29T00:00:00+10:00" start-time-utc="2018-04-27T14:00:00Z" end-time-utc="2018-04-28T14:00:00Z">
                <text type="forecast">Partly cloudy. Patchy morning fog. Light winds.</text>
            </forecast-period>
            <forecast-period index="3" start-time-local="2018-04-29T00:00:00+10:00" end-time-local="2018-04-30T00:00:00+10:00" start-time-utc="2018-04-28T14:00:00Z" end-time-utc="2018-04-29T14:00:00Z">
                <text type="forecast">Partly cloudy. Light winds.</text>
            </forecast-period>
            <forecast-period index="4" start-time-local="2018-04-30T00:00:00+10:00" end-time-local="2018-05-01T00:00:00+10:00" start-time-utc="2018-04-29T14:00:00Z" end-time-utc="2018-04-30T14:00:00Z">
                <text type="forecast">Mostly sunny. Light winds.</text>
            </forecast-period>
            <forecast-period index="5" start-time-local="2018-05-01T00:00:00+10:00" end-time-local="2018-05-02T00:00:00+10:00" start-time-utc="2018-04-30T14:00:00Z" end-time-utc="2018-05-01T14:00:00Z">
                <text type="forecast">Sunny. Light winds.</text>
            </forecast-period>
            <forecast-period index="6" start-time-local="2018-05-02T00:00:00+10:00" end-time-local="2018-05-03T00:00:00+10:00" start-time-utc="2018-05-01T14:00:00Z" end-time-utc="2018-05-02T14:00:00Z">
                <text type="forecast">Partly cloudy. Slight (20%) chance of a shower. Light winds.</text>
            </forecast-period>
        </area>
    </forecast>
</product>
