<?xml version="1.0" encoding="UTF-8"?>
<?xml-stylesheet type="text/xsl" href="weather-1.xsl"?>
<?xml-stylesheet type="text/xsl" href="weather-2.xsl"?>
<product version="1.7" xmlns:xsi="http://www.w3.org/2001/XMLSchema-instance" xsi:noNamespaceSchemaLocation="http://www.bom.gov.au/schema/v1.7/product.xsd">
    <amoc>
        <source>
            <sender>Australian Government Bureau of Meteorology</sender>
            <region>New South Wales</region>
            <office>NSWRO</office>
            <copyright>http://www.bom.gov.au/other/copyright.shtml</copyright>
            <disclaimer>http://www.bom.gov.au/other/disclaimer.shtml</disclaimer>
        </source>
        <identifier>IDN10035</identifier>
        <issue-time-utc>2018-04-26T06:20:00Z</issue-time-utc>
        <issue-time-local tz="EST">2018-04-26T16:20:00+10:00</issue-time-local>
        <sent-time>2018-04-26T06:20:43Z</sent-time>
        <expiry-time>2018-05-06T06:20:00Z</expiry-time>
        <validity-bgn-time-local tz="EST">2018-04-26T16:20:44+10:00</validity-bgn-time-local>
        <validity-end-time-local tz="EST">2018-05-03T23:59:59+10:00</validity-end-time-local>
        <next-routine-issue-time-utc>2018-04-26T18:45:00Z</next-routine-issue-time-utc>
        <next-routine-issue-time-local tz="EST">2018-04-27T04:45:00+10:00</next-routine-issue-time-local>
        <status>O</status>
        <service>WSP</service>
        <sub-service>FCT</sub-service>
        <product-type>F</product-type>
        <phase>NEW</phase>
    </amoc>
    <forecast>
        <area aac="NSW_FA001" description="New South Wales" type="region">
            <forecast-period start-time-local="2018-04-26T16:20:44+10:00" end-time-local="2018-04-26T16:20:44+10:00" start-time-utc="2018-04-26T06:20:44Z" end-time-utc="2018-04-26T06:20:44Z">
                <text type="warning_summary_footer">Details of warnings are available on the Bureau's website www.bom.gov.au, by telephone 1300-659-218* or through some TV and radio broadcasts.</text>
                <text type="product_footer">* Calls to 1300 numbers cost around 27.5c incl. GST, higher from mobiles or public phones.</text>
            </forecast-period>
        </area>
        <area aac="NSW_ME006" description="Canberra" type="metropolitan" parent-aac="NSW_FA001">
            <forecast-period index="0" start-time-local="2018-04-26T17:00:00+10:00" end-time-local="2018-04-27T00:00:00+10:00" start-time-utc="2018-04-26T07:00:00Z" end-time-utc="2018-04-26T14:00:00Z">
                <text type="forecast">Becoming cloudy. Winds east to southeasterly 15 to 25 km/h.</text>
            </forecast-period>
            <forecast-period index="1" start-time-local="2018-04-27T00:00:00+10:00" end-time-local="2018-04-28T00:00:00+10:00" start-time-utc="2018-04-26T14:00:00Z" end-time-utc="2018-04-27T14:00:00Z">
                <text type="forecast">Partly cloudy. Light winds becoming southeasterly 15 to 20 km/h in the morning then becoming light in the evening.</text>
                <text type="fire_danger">Low-Moderate</text>
                <text type="uv_alert">Sun protection 10:00am to 1:50pm, UV Index predicted to reach 4 [Moderate]</text>
            </forecast-period>
            <forecast-period index="2" start-time-local="2018-04-28T00:00:00+10:00" end-time-local="2018-04-29T00:00:00+10:00" start-time-utc="2018-04-27T14:00:00Z" end-time-utc="2018-04-28T14:00:00Z">
                <text type="forecast">Cloudy. Light winds becoming southeasterly 15 to 20 km/h in the early afternoon then becoming light in the evening.</text>
            </forecast-period>
            <forecast-period index="3" start-time-local="2018-04-29T00:00:00+10:00" end-time-local="2018-04-30T00:00:00+10:00" start-time-utc="2018-04-28T14:00:00Z" end-time-utc="2018-04-29T14:00:00Z">
                <text type="forecast">Partly cloudy. Medium (40%) chance of showers. Light winds.</text>
            </forecast-period>
            <forecast-period index="4" start-time-local="2018-04-30T00:00:00+10:00" end-time-local="2018-05-01T00:00:00+10:00" start-time-utc="2018-04-29T14:00:00Z" end-time-utc="2018-04-30T14:00:00Z">
                <text type="forecast">Mostly sunny. Light winds.</text>
            </forecast-period>
            <forecast-period index="5" start-time-local="2018-05-01T00:00:00+10:00" end-time-local="2018-05-02T00:00:00+10:00" start-time-utc="2018-04-30T14:00:00Z" end-time-utc="2018-05-01T14:00:00Z">
                <text type="forecast">Sunny. Light winds.</text>
            </forecast-period>
            <forecast-period index="6" start-time-local="2018-05-02T00:00:00+10:00" end-time-local="2018-05-03T00:00:00+10:00" start-time-utc="2018-05-01T14:00:00Z" end-time-utc="2018-05-02T14:00:00Z">
                <text type="forecast">Partly cloudy. Light winds.</text>
            </forecast-period>
            <forecast-period index="7" start-time-local="2018-05-03T00:00:00+10:00" end-time-local="2018-05-04T00:00:00+10:00" start-time-utc="2018-05-02T14:00:00Z" end-time-utc="2018-05-03T14:00:00Z">
                <text type="forecast">Partly cloudy. Medium (60%) chance of showers. Light winds.</text>
            </forecast-period>
        </area>
        <area aac="NSW_PT027" description="Canberra" type="location" parent-aac="NSW_ME006">
            <forecast-period index="0" start-time-local="2018-04-26T17:00:00+10:00" end-time-local="2018-04-27T00:00:00+10:00" start-time-utc="2018-04-26T07:00:00Z" end-time-utc="2018-04-26T14:00:00Z">
                <element type="forecast_icon_code">3</element>
                <text type="precis">Becoming cloudy.</text>
                <text type="probability_of_precipitation">10%</text>
            </forecast-period>
            <forecast-period index="1" start-time-local="2018-04-27T00:00:00+10:00" end-time-local="2018-04-28T00:00:00+10:00" start-time-utc="2018-04-26T14:00:00Z" end-time-utc="2018-04-27T14:00:00Z">
                <element type="forecast_icon_code">3</element>
                <element type="air_temperature_minimum" units="Celsius">8</element>
                <element type="air_temperature_maximum" units="Celsius">19</element>
                <text type="precis">Partly cloudy.</text>
                <text type="probability_of_precipitation">10%</text>
            </forecast-period>
            <forecast-period index="2" start-time-local="2018-04-28T00:00:00+10:00" end-time-local="2018-04-29T00:00:00+10:00" start-time-utc="2018-04-27T14:00:00Z" end-time-utc="2018-04-28T14:00:00Z">
                <element type="forecast_icon_code">4</element>
                <element type="air_temperature_minimum" units="Celsius">3</element>
                <element type="air_temperature_maximum" units="Celsius">18</element>
                <text type="precis">Cloudy.</text>
                <text type="probability_of_precipitation">10%</text>
            </forecast-period>
            <forecast-period index="3" start-time-local="2018-04-29T00:00:00+10:00" end-time-local="2018-04-30T00:00:00+10:00" start-time-utc="2018-04-28T14:00:00Z" end-time-utc="2018-04-29T14:00:00Z">
                <element type="forecast_icon_code">17</element>
                <element type="precipitation_range">0 to 0.2 mm</element>
                <element type="air_temperature_minimum" units="Celsius">5</element>
                <element type="air_temperature_maximum" units="Celsius">17</element>
                <text type="precis">Possible shower.</text>
                <text type="probability_of_precipitation">40%</text>
            </forecast-period>
            <forecast-period index="4" start-time-local="2018-04-30T00:00:00+10:00" end-time-local="2018-05-01T00:00:00+10:00" start-time-utc="2018-04-29T14:00:00Z" end-time-utc="2018-04-30T14:00:00Z">
                <element type="forecast_icon_code">3</element>
                <element type="air_temperature_minimum" units="Celsius">4</element>
                <element type="air_temperature_maximum" units="Celsius">21</element>
                <text type="precis">Mostly sunny.</text>
                <text type="probability_of_precipitation">10%</text>
            </forecast-period>
            <forecast-period index="5" start-time-local="2018-05-01T00:00:00+10:00" end-time-local="2018-05-02T00:00:00+10:00" start-time-utc="2018-04-30T14:00:00Z" end-time-utc="2018-05-01T14:00:00Z">
                <element type="forecast_icon_code">1</element>
                <element type="air_temperature_minimum" units="Celsius">2</element>
                <element type="air_temperature_maximum" units="Celsius">22</element>
                <text type="precis">Sunny.</text>
                <text type="probability_of_precipitation">10%</text>
            </forecast-period>
            <forecast-period index="6" start-time-local="2018-05-02T00:00:00+10:00" end-time-local="2018-05-03T00:00:00+10:00" start-time-utc="2018-05-01T14:00:00Z" end-time-utc="2018-05-02T14:00:00Z">
                <element type="forecast_icon_code">3</element>
                <element type="air_temperature_minimum" units="Celsius">5</element>
                <element type="air_temperature_maximum" units="Celsius">22</element>
                <text type="precis">Partly cloudy.</text>
                <text type="probability_of_precipitation">10%</text>
            </forecast-period>
            <forecast-period index="7" start-time-local="2018-05-03T00:00:00+10:00" end-time-local="2018-05-04T00:00:00+10:00" start-time-utc="2018-05-02T14:00:00Z" end-time-utc="2018-05-03T14:00:00Z">
                <element type="forecast_icon_code">11</element>
                <element type="precipitation_range">0 to 3 mm</element>
                <element type="air_temperature_minimum" units="Celsius">6</element>
                <element type="air_temperature_maximum" units="Celsius">22</element>
                <text type="precis">Shower or two.</text>
                <text type="probability_of_precipitation">60%</text>
            </forecast-period>
        </area>
        <area aac="NSW_PT146" description="Tuggeranong" type="location" parent-aac="NSW_ME006">
            <forecast-period index="1" start-time-local="2018-04-27T00:00:00+10:00" end-time-local="2018-04-28T00:00:00+10:00" start-time-utc="2018-04-26T14:00:00Z" end-time-utc="2018-04-27T14:00:00Z">
                <element type="air_temperature_minimum" units="Celsius">8</element>
                <element type="air_temperature_maximum" units="Celsius">19</element>
            </forecast-period>
        </area>
    </forecast>
</product>
